Sample	Reports	Occurrences	% of all reads
ACTGTCTCTTATACACATCTGACGCTGCCGACGAATAGCCAAGAGTGTAG	8	937617	0.07228320783735837
ACTGTCTCTTATACACATCTGACGCTGCCGACGAATCTCACCTAGTGTAG	8	2635967	0.20321319954034323
ACTGTCTCTTATACACATCTGACGCTGCCGACGAATGTAACGTTGTGTAG	8	1599629	0.1233193462465652
ACTGTCTCTTATACACATCTGACGCTGCCGACGACGAATCGGTCGTGTAG	8	547605	0.042216220511975176
ACTGTCTCTTATACACATCTGACGCTGCCGACGACGCATTCCGTGTGTAG	8	492148	0.03794090355735897
ACTGTCTCTTATACACATCTGACGCTGCCGACGAGAGCTTGCCGGTGTAG	8	2192793	0.16904782247261363
TCCCCTCCTTAGGCAACCTGGTGGTCCCCCGCTCCCGGGAGGTCACCATA	16	255623	0.019706607748162693
TCCCTCCTTAGGCAACCTGGTGGTCCCCCGCTCCCGGGAGGTCACCATAT	3	44384	0.0034216720650898113
TCGGTGGCGCACGCCTGTAGTCCCAGCTACTCGGGAGGCTGAGACAGGAG	32	643610	0.0496174828274255
TCTGTCTCTTATACACATCTCCGAGCCCACGAGAC	48	8331025	0.6422592717209996
